<assembly xmlns="http://maven.apache.org/ASSEMBLY/2.0.0"
          xmlns:xsi="http://www.w3.org/2001/XMLSchema-instance"
          xsi:schemaLocation="http://maven.apache.org/ASSEMBLY/2.0.0 http://maven.apache.org/xsd/assembly-2.0.0.xsd
http://maven.apache.org/ASSEMBLY/2.0.0 ">

    <id>assembly</id>

    <formats>
        <format>tar.gz</format>
    </formats>

    <includeBaseDirectory>true</includeBaseDirectory>

    <fileSets>
        <fileSet>
            <directory>src/main/bin</directory>
            <outputDirectory>./</outputDirectory>
            <fileMode>0755</fileMode>
        </fileSet>
        <fileSet>
            <directory>src/main/config</directory>
            <outputDirectory>./</outputDirectory>
        </fileSet>
        <fileSet>
            <directory>src/main/sql</directory>
            <includes>
                <include>*.sql</include>
            </includes>
            <outputDirectory>sql</outputDirectory>
        </fileSet>
        <fileSet>
            <directory>target/lib/</directory>
            <outputDirectory>lib</outputDirectory>
        </fileSet>
        <fileSet>
            <directory>target/classes/</directory>
            <includes>
                <include>*.properties</include>
                <include>*.xml</include>
                <include>*.txt</include>
            </includes>
            <outputDirectory>conf</outputDirectory>
        </fileSet>
    </fileSets>

    <files>
        <file>
            <source>target/${project.artifactId}.jar</source>
            <outputDirectory>./</outputDirectory>
        </file>
    </files>
</assembly>