<?xml version="1.0" encoding="UTF-8" ?>
<!DOCTYPE generatorConfiguration PUBLIC
    "-//mybatis.org//DTD MyBatis Generator Configuration 1.0//EN"
    "http://mybatis.org/dtd/mybatis-generator-config_1_0.dtd" >

<generatorConfiguration>

  <context id="emrContext" targetRuntime="MyBatis3Simple">

    <property name="javaFileEncoding" value="UTF-8"/>

<!--    <plugin type="com.lachesis.molecule.mbg.FileGeneratorPlugin">-->
<!--      <property name="rootDaoInterface" value="com.lachesis.molecule.common.model.ICrudGenericDAO"/>-->

<!--      <property name="pqvoTargetPackage" value="com.lachesislog.example.vo.page.queryVo"/>-->
<!--      <property name="pqvoResultBaseClass" value="com.lachesis.molecule.common.dbquery.PQVO"/>-->

<!--      <property name="pqArgsTargetPackage" value="com.lachesis.windranger.mnis.vo.page.queryArgs"/>-->
<!--      <property name="pqArgsResultBaseClass" value="com.lachesis.molecule.common.dbquery.PQAVO"/>-->

<!--      <property name="apiTargetPackage" value="com.lachesislog.example.api"/>-->
<!--      <property name="apiQueryGenericsInterface" value=" com.lachesis.molecule.common.service.IQueryGenericApi"/>-->

<!--      <property name="modelComparotorTargetPackage" value="com.lachesislog.example.model.comparator"/>-->
<!--      <property name="modelComparotorBaseClass" value="com.lachesis.molecule.common.model.ValueBeanComparator"/>-->

<!--      <property name="serviceTargetPackage" value="com.lachesislog.example.service"/>-->
<!--      <property name="serviceBaseGenericsInterface" value=" com.lachesis.molecule.common.service.ICrudGenericService"/>-->
<!--      <property name="serviceImplBaseGenericsClass" value=" com.lachesis.molecule.web.service.impl.CrudGenericService"/>-->

<!--      <property name="generatorController" value="false"/>-->
<!--      <property name="controllerTargetProject" value="/src/main/java"/>-->
<!--      <property name="controllerTargetPackage" value="com.lachesislog.example.controller.doc"/>-->
<!---->
<!--    </plugin>-->


    <commentGenerator type="com.lachesis.molecule.mbg.FileCommentGenerator">
      <property name="suppressAllComments" value="false"/>
      <property name="suppressDate" value="true"/>
    </commentGenerator>

    <!-- 数据库链接URL、用户名、密码 -->
    <jdbcConnection driverClass="com.mysql.jdbc.Driver"
        connectionURL="jdbc:mysql://10.2.3.157:3306/windranger_mnis?characterEncoding=utf8"
        userId="user" password="Lachesis-mh_1024">
      <property name="useInformationSchema" value="true"/>
    </jdbcConnection>

    <javaTypeResolver>
      <property name="forceBigDecimals" value="false"/>
    </javaTypeResolver>

    <!-- 生成模型的包名和位置 -->
    <javaModelGenerator targetPackage="com.lachesislog.example.model" targetProject="src/main/java">
      <property name="enableSubPackages" value="true"/>
      <property name="trimStrings" value="true"/>
      <property name="rootClass" value="com.lachesis.molecule.common.model.ValuedBean"/>
    </javaModelGenerator>

    <!-- 生成的映射文件包名和位置 -->
    <sqlMapGenerator targetPackage="com.lachesislog.example.mapping" targetProject="src/main/java">
      <property name="enableSubPackages" value="true"/>
    </sqlMapGenerator>

    <!-- 生成DAO的包名和位置 -->
    <javaClientGenerator type="XMLMAPPER" targetPackage="com.lachesislog.example.dao" targetProject="src/main/java">

      <property name="enableSubPackages" value="true"/>
    </javaClientGenerator>

    <table tableName="doc_data_nurse_record" domainObjectName="DocDataNurseRecord"/>
  </context>
</generatorConfiguration>