<?xml version="1.0" encoding="UTF-8" ?>
<!DOCTYPE mapper PUBLIC "-//mybatis.org//DTD Mapper 3.0//EN" "http://mybatis.org/dtd/mybatis-3-mapper.dtd" >
<mapper namespace="com.lachesis.lachesislog.example.dao.DocDataNurseRecordMapper" >
  <resultMap id="BaseResultMap" type="com.lachesis.lachesislog.example.model.DocDataNurseRecord" >
    <id column="seq_id" property="seqId" jdbcType="BIGINT" />
    <result column="inhos_code" property="inhosCode" jdbcType="VARCHAR" />
    <result column="pat_code" property="patCode" jdbcType="VARCHAR" />
    <result column="ward_code" property="wardCode" jdbcType="VARCHAR" />
    <result column="header_code" property="headerCode" jdbcType="VARCHAR" />
    <result column="document_code" property="documentCode" jdbcType="VARCHAR" />
    <result column="template_code" property="templateCode" jdbcType="VARCHAR" />
    <result column="template_name" property="templateName" jdbcType="VARCHAR" />
    <result column="record_code" property="recordCode" jdbcType="VARCHAR" />
    <result column="record_date" property="recordDate" jdbcType="TIMESTAMP" />
    <result column="inout_count" property="inoutCount" jdbcType="INTEGER" />
    <result column="count_type" property="countType" jdbcType="VARCHAR" />
    <result column="crown_sign" property="crownSign" jdbcType="VARCHAR" />
    <result column="crown_sign_time" property="crownSignTime" jdbcType="TIMESTAMP" />
    <result column="create_person" property="createPerson" jdbcType="VARCHAR" />
    <result column="create_time" property="createTime" jdbcType="TIMESTAMP" />
    <result column="update_person" property="updatePerson" jdbcType="VARCHAR" />
    <result column="update_time" property="updateTime" jdbcType="TIMESTAMP" />
    <result column="day" property="day" jdbcType="VARCHAR" />
  </resultMap>
  <delete id="deleteByPrimaryKey" parameterType="java.lang.Long" >
    delete from doc_data_nurse_record
    where seq_id = #{seqId,jdbcType=BIGINT}
  </delete>
  <insert id="insert" parameterType="com.lachesis.lachesislog.example.model.DocDataNurseRecord">
    insert into doc_data_nurse_record (seq_id, inhos_code, pat_code,
      ward_code, header_code, document_code,
      template_code, template_name, record_code,
      record_date, inout_count, count_type,
      crown_sign, crown_sign_time, create_person,
      create_time, update_person, update_time,
      day)
    values (#{seqId,jdbcType=BIGINT}, #{inhosCode,jdbcType=VARCHAR}, #{patCode,jdbcType=VARCHAR},
      #{wardCode,jdbcType=VARCHAR}, #{headerCode,jdbcType=VARCHAR}, #{documentCode,jdbcType=VARCHAR},
      #{templateCode,jdbcType=VARCHAR}, #{templateName,jdbcType=VARCHAR}, #{recordCode,jdbcType=VARCHAR},
      #{recordDate,jdbcType=TIMESTAMP}, #{inoutCount,jdbcType=INTEGER}, #{countType,jdbcType=VARCHAR},
      #{crownSign,jdbcType=VARCHAR}, #{crownSignTime,jdbcType=TIMESTAMP}, #{createPerson,jdbcType=VARCHAR},
      #{createTime,jdbcType=TIMESTAMP}, #{updatePerson,jdbcType=VARCHAR}, #{updateTime,jdbcType=TIMESTAMP},
      #{day,jdbcType=VARCHAR})
  </insert>
  <insert id="insertAndReturnKey" parameterType="com.lachesis.lachesislog.example.model.DocDataNurseRecord" keyProperty="seqId" useGeneratedKeys="true">
    insert into doc_data_nurse_record (seq_id, inhos_code, pat_code,
                                       ward_code, header_code, document_code,
                                       template_code, template_name, record_code,
                                       record_date, inout_count, count_type,
                                       crown_sign, crown_sign_time, create_person,
                                       create_time, update_person, update_time,
                                       day)
    values (#{seqId,jdbcType=BIGINT}, #{inhosCode,jdbcType=VARCHAR}, #{patCode,jdbcType=VARCHAR},
            #{wardCode,jdbcType=VARCHAR}, #{headerCode,jdbcType=VARCHAR}, #{documentCode,jdbcType=VARCHAR},
            #{templateCode,jdbcType=VARCHAR}, #{templateName,jdbcType=VARCHAR}, #{recordCode,jdbcType=VARCHAR},
            #{recordDate,jdbcType=TIMESTAMP}, #{inoutCount,jdbcType=INTEGER}, #{countType,jdbcType=VARCHAR},
            #{crownSign,jdbcType=VARCHAR}, #{crownSignTime,jdbcType=TIMESTAMP}, #{createPerson,jdbcType=VARCHAR},
            #{createTime,jdbcType=TIMESTAMP}, #{updatePerson,jdbcType=VARCHAR}, #{updateTime,jdbcType=TIMESTAMP},
            #{day,jdbcType=VARCHAR})
  </insert>
  <insert id="insertBatchAndReturnKey" parameterType="java.util.List" useGeneratedKeys="true" keyProperty="seqId">
    insert into doc_data_nurse_record
    (inhos_code,pat_code,ward_code,header_code,document_code,template_code,template_name,record_code,record_date,inout_count,count_type,crown_sign,crown_sign_time,create_person,create_time,update_person,update_time
    ) values
    <foreach collection="list" index="index" item="item" separator=",">
      (#{item.inhosCode},#{item.patCode},#{item.wardCode},#{item.headerCode},#{item.documentCode},#{item.templateCode},#{item.templateName},#{item.recordCode},#{item.recordDate},#{item.inoutCount},#{item.countType},#{item.crownSign},#{item.crownSignTime},#{item.createPerson},#{item.createTime},#{item.updatePerson},#{item.updateTime})
    </foreach>
  </insert>
  <update id="updateByPrimaryKey" parameterType="com.lachesis.lachesislog.example.model.DocDataNurseRecord" >
    update doc_data_nurse_record
    set inhos_code = #{inhosCode,jdbcType=VARCHAR},
      pat_code = #{patCode,jdbcType=VARCHAR},
      ward_code = #{wardCode,jdbcType=VARCHAR},
      header_code = #{headerCode,jdbcType=VARCHAR},
      document_code = #{documentCode,jdbcType=VARCHAR},
      template_code = #{templateCode,jdbcType=VARCHAR},
      template_name = #{templateName,jdbcType=VARCHAR},
      record_code = #{recordCode,jdbcType=VARCHAR},
      record_date = #{recordDate,jdbcType=TIMESTAMP},
      inout_count = #{inoutCount,jdbcType=INTEGER},
      count_type = #{countType,jdbcType=VARCHAR},
      crown_sign = #{crownSign,jdbcType=VARCHAR},
      crown_sign_time = #{crownSignTime,jdbcType=TIMESTAMP},
      create_person = #{createPerson,jdbcType=VARCHAR},
      create_time = #{createTime,jdbcType=TIMESTAMP},
      update_person = #{updatePerson,jdbcType=VARCHAR},
      update_time = #{updateTime,jdbcType=TIMESTAMP},
      day = #{day,jdbcType=VARCHAR}
    where seq_id = #{seqId,jdbcType=BIGINT}
  </update>
  <select id="selectByPrimaryKey" resultMap="BaseResultMap" parameterType="java.lang.Long" >
    select seq_id, inhos_code, pat_code, ward_code, header_code, document_code, template_code,
    template_name, record_code, record_date, inout_count, count_type, crown_sign, crown_sign_time,
    create_person, create_time, update_person, update_time, day
    from doc_data_nurse_record
    where seq_id = #{seqId,jdbcType=BIGINT}
  </select>
  <select id="selectAll" resultMap="BaseResultMap" >
    select seq_id, inhos_code, pat_code, ward_code, header_code, document_code, template_code,
    template_name, record_code, record_date, inout_count, count_type, crown_sign, crown_sign_time,
    create_person, create_time, update_person, update_time, day
    from doc_data_nurse_record
  </select>
  <select id="selectBySeqIds" resultMap="BaseResultMap">
    select seq_id, inhos_code, pat_code, ward_code, header_code, document_code, template_code,
    template_name, record_code, record_date, inout_count, count_type, crown_sign, crown_sign_time,
    create_person, create_time, update_person, update_time, day
    from doc_data_nurse_record
    <where>
      <foreach collection="list" index="index" item="item" separator="," open="seq_id in (" close=")">
        #{item}
      </foreach>
    </where>
  </select>
</mapper>